<profile version="1.0">
  <option name="myName" value="Default" />
  <inspection_tool class="PyPackageRequirementsInspection" enabled="true" level="WARNING" enabled_by_default="true">
    <option name="ignoredPackages">
      <value>
        <list size="34">
          <item index="0" class="java.lang.String" itemvalue="six" />
          <item index="1" class="java.lang.String" itemvalue="Werkzeug" />
          <item index="2" class="java.lang.String" itemvalue="aniso8601" />
          <item index="3" class="java.lang.String" itemvalue="MarkupSafe" />
          <item index="4" class="java.lang.String" itemvalue="click" />
          <item index="5" class="java.lang.String" itemvalue="Jinja2" />
          <item index="6" class="java.lang.String" itemvalue="attrs" />
          <item index="7" class="java.lang.String" itemvalue="pyrsistent" />
          <item index="8" class="java.lang.String" itemvalue="flask-restplus" />
          <item index="9" class="java.lang.String" itemvalue="pytz" />
          <item index="10" class="java.lang.String" itemvalue="itsdangerous" />
          <item index="11" class="java.lang.String" itemvalue="jsonschema" />
          <item index="12" class="java.lang.String" itemvalue="Flask" />
          <item index="13" class="java.lang.String" itemvalue="flask-restx" />
          <item index="14" class="java.lang.String" itemvalue="pytest" />
          <item index="15" class="java.lang.String" itemvalue="iniconfig" />
          <item index="16" class="java.lang.String" itemvalue="pluggy" />
          <item index="17" class="java.lang.String" itemvalue="python-dotenv" />
          <item index="18" class="java.lang.String" itemvalue="marshmallow" />
          <item index="19" class="java.lang.String" itemvalue="py" />
          <item index="20" class="java.lang.String" itemvalue="packaging" />
          <item index="21" class="java.lang.String" itemvalue="toml" />
          <item index="22" class="java.lang.String" itemvalue="fastapi" />
          <item index="23" class="java.lang.String" itemvalue="starlette" />
          <item index="24" class="java.lang.String" itemvalue="certifi" />
          <item index="25" class="java.lang.String" itemvalue="charset-normalizer" />
          <item index="26" class="java.lang.String" itemvalue="Flask-RESTful" />
          <item index="27" class="java.lang.String" itemvalue="idna" />
          <item index="28" class="java.lang.String" itemvalue="asgiref" />
          <item index="29" class="java.lang.String" itemvalue="h11" />
          <item index="30" class="java.lang.String" itemvalue="requests" />
          <item index="31" class="java.lang.String" itemvalue="urllib3" />
          <item index="32" class="java.lang.String" itemvalue="uvicorn" />
          <item index="33" class="java.lang.String" itemvalue="pyparsing" />
        </list>
      </value>
    </option>
  </inspection_tool>
  <inspection_tool class="PyUnresolvedReferencesInspection" enabled="true" level="WARNING" enabled_by_default="true">
    <option name="ignoredIdentifiers">
      <list>
        <option value="segmentation.ge.main.AbstractSegmentation" />
      </list>
    </option>
  </inspection_tool>
</profile>